{"lr": 5.627096460613578e-05, "data_time": 0.0065880298614501955, "grad_norm": 1339.718695449829, "loss": 33.21082539558411, "decode.loss_cls": 0.8829852171242237, "decode.loss_mask": 1.478762611746788, "decode.loss_dice": 0.9100432604551315, "decode.d0.loss_cls": 1.5446732699871064, "decode.d0.loss_mask": 1.5139339838176966, "decode.d0.loss_dice": 1.088917362689972, "decode.d1.loss_cls": 0.7972006414085626, "decode.d1.loss_mask": 1.3639905013144016, "decode.d1.loss_dice": 0.9318981856107712, "decode.d2.loss_cls": 0.8715196035802364, "decode.d2.loss_mask": 1.4137178305536509, "decode.d2.loss_dice": 0.8768150746822357, "decode.d3.loss_cls": 0.8350142126902937, "decode.d3.loss_mask": 1.527278844639659, "decode.d3.loss_dice": 0.9424838900566102, "decode.d4.loss_cls": 0.7621704770252109, "decode.d4.loss_mask": 1.4457585871219636, "decode.d4.loss_dice": 0.9134610205888748, "decode.d5.loss_cls": 0.7928614095784724, "decode.d5.loss_mask": 1.4459764547646046, "decode.d5.loss_dice": 0.9083590179681778, "decode.d6.loss_cls": 0.8642081184312701, "decode.d6.loss_mask": 1.47725835070014, "decode.d6.loss_dice": 0.9489399403333664, "decode.d7.loss_cls": 1.0088461259379984, "decode.d7.loss_mask": 1.4003781650215388, "decode.d7.loss_dice": 0.9547909677028656, "decode.d8.loss_cls": 0.8438851222395897, "decode.d8.loss_mask": 1.5392865162342786, "decode.d8.loss_dice": 0.9254094690084458, "time": 0.5179168939590454, "epoch": 1, "memory": 12414, "step": 50}
{"lr": 0.00011244802587129299, "data_time": 0.006315493583679199, "grad_norm": 420.229022693634, "loss": 21.954762637615204, "decode.loss_cls": 0.3849761726334691, "decode.loss_mask": 1.0280140278860928, "decode.loss_dice": 0.5653267592191696, "decode.d0.loss_cls": 0.7372609406709671, "decode.d0.loss_mask": 1.231032482907176, "decode.d0.loss_dice": 0.597115084528923, "decode.d1.loss_cls": 0.601083455607295, "decode.d1.loss_mask": 1.0348760491237043, "decode.d1.loss_dice": 0.5246108382940292, "decode.d2.loss_cls": 0.8415494527667761, "decode.d2.loss_mask": 1.026074031367898, "decode.d2.loss_dice": 0.54980488717556, "decode.d3.loss_cls": 0.6930053621530533, "decode.d3.loss_mask": 1.059140883386135, "decode.d3.loss_dice": 0.5204650312662125, "decode.d4.loss_cls": 0.5727058274205774, "decode.d4.loss_mask": 1.130004557222128, "decode.d4.loss_dice": 0.520676052570343, "decode.d5.loss_cls": 0.4378929945640266, "decode.d5.loss_mask": 1.1295119851827622, "decode.d5.loss_dice": 0.554256621003151, "decode.d6.loss_cls": 0.36718133827671406, "decode.d6.loss_mask": 1.1803389742970467, "decode.d6.loss_dice": 0.5472620099782943, "decode.d7.loss_cls": 0.3366842481074855, "decode.d7.loss_mask": 1.187709003686905, "decode.d7.loss_dice": 0.5402768969535827, "decode.d8.loss_cls": 0.29807926188223066, "decode.d8.loss_mask": 1.1682171624153852, "decode.d8.loss_dice": 0.5896307766437531, "time": 0.5003408908843994, "epoch": 1, "memory": 11138, "step": 100}
{"lr": 0.0001024817861518915, "data_time": 0.0056504964828491214, "grad_norm": 382.983716583252, "loss": 24.762393760681153, "decode.loss_cls": 0.2945375724695623, "decode.loss_mask": 1.6205225080251693, "decode.loss_dice": 0.6895918607711792, "decode.d0.loss_cls": 0.6516408041119576, "decode.d0.loss_mask": 1.3033452063798905, "decode.d0.loss_dice": 0.6027485817670822, "decode.d1.loss_cls": 0.38950740615837276, "decode.d1.loss_mask": 1.2944533362984658, "decode.d1.loss_dice": 0.6211520820856095, "decode.d2.loss_cls": 0.4279469286557287, "decode.d2.loss_mask": 1.29101003408432, "decode.d2.loss_dice": 0.7418645471334457, "decode.d3.loss_cls": 0.3634540087543428, "decode.d3.loss_mask": 1.3525264486670494, "decode.d3.loss_dice": 0.6617543429136277, "decode.d4.loss_cls": 0.4472064685076475, "decode.d4.loss_mask": 1.262359980493784, "decode.d4.loss_dice": 0.6840005934238433, "decode.d5.loss_cls": 0.6358116411138326, "decode.d5.loss_mask": 1.3080614507198334, "decode.d5.loss_dice": 0.7077317237854004, "decode.d6.loss_cls": 0.7643856029491871, "decode.d6.loss_mask": 1.2465092971920968, "decode.d6.loss_dice": 0.6604927241802215, "decode.d7.loss_cls": 0.49789953641593454, "decode.d7.loss_mask": 1.3213216491043567, "decode.d7.loss_dice": 0.6646263271570205, "decode.d8.loss_cls": 0.37272127997130156, "decode.d8.loss_mask": 1.2481434613466262, "decode.d8.loss_dice": 0.6350668430328369, "time": 0.49916930198669435, "epoch": 1, "memory": 11138, "step": 150}
{"lr": 0.0001, "data_time": 0.006139636039733887, "grad_norm": 309.96785106658933, "loss": 20.252427911758424, "decode.loss_cls": 0.3639446686953306, "decode.loss_mask": 1.1704988796263933, "decode.loss_dice": 0.6149855077266693, "decode.d0.loss_cls": 0.6202106043696404, "decode.d0.loss_mask": 1.0192906606942416, "decode.d0.loss_dice": 0.5258340865373612, "decode.d1.loss_cls": 0.33142892047762873, "decode.d1.loss_mask": 0.9174526140093804, "decode.d1.loss_dice": 0.40434773564338683, "decode.d2.loss_cls": 0.28207732513546946, "decode.d2.loss_mask": 1.07626044228673, "decode.d2.loss_dice": 0.3999761313199997, "decode.d3.loss_cls": 0.3523113425821066, "decode.d3.loss_mask": 1.3477180738002061, "decode.d3.loss_dice": 0.47507269978523253, "decode.d4.loss_cls": 0.342636638879776, "decode.d4.loss_mask": 1.151128575205803, "decode.d4.loss_dice": 0.41932345628738404, "decode.d5.loss_cls": 0.3097739018499851, "decode.d5.loss_mask": 1.1301287114620209, "decode.d5.loss_dice": 0.578052219748497, "decode.d6.loss_cls": 0.31763873919844626, "decode.d6.loss_mask": 1.0802968379110098, "decode.d6.loss_dice": 0.6570926487445832, "decode.d7.loss_cls": 0.25120088253170253, "decode.d7.loss_mask": 1.2879908349364997, "decode.d7.loss_dice": 0.7151978075504303, "decode.d8.loss_cls": 0.3676299717277288, "decode.d8.loss_mask": 1.1515344064682722, "decode.d8.loss_dice": 0.5913926810026169, "time": 0.5237718105316163, "epoch": 1, "memory": 11138, "step": 200}
{"lr": 0.0001, "data_time": 0.0062570333480834964, "grad_norm": 292.70600190162656, "loss": 21.408363831043243, "decode.loss_cls": 0.3502068964764476, "decode.loss_mask": 1.241969613544643, "decode.loss_dice": 0.5946431756019592, "decode.d0.loss_cls": 0.5346186056733131, "decode.d0.loss_mask": 1.3154616389423608, "decode.d0.loss_dice": 0.6645170688629151, "decode.d1.loss_cls": 0.28538758866488934, "decode.d1.loss_mask": 1.1871881948783993, "decode.d1.loss_dice": 0.5370080471038818, "decode.d2.loss_cls": 0.2740391273982823, "decode.d2.loss_mask": 1.2564303033053874, "decode.d2.loss_dice": 0.5946639716625214, "decode.d3.loss_cls": 0.26306565618142486, "decode.d3.loss_mask": 1.242303946428001, "decode.d3.loss_dice": 0.5732234328985214, "decode.d4.loss_cls": 0.27724091173149645, "decode.d4.loss_mask": 1.2059367025271057, "decode.d4.loss_dice": 0.6000421911478042, "decode.d5.loss_cls": 0.27843533754348754, "decode.d5.loss_mask": 1.2318794351071118, "decode.d5.loss_dice": 0.5617386788129807, "decode.d6.loss_cls": 0.2929062722250819, "decode.d6.loss_mask": 1.2678383456543088, "decode.d6.loss_dice": 0.5497343897819519, "decode.d7.loss_cls": 0.28787418715655805, "decode.d7.loss_mask": 1.242905380949378, "decode.d7.loss_dice": 0.5588101804256439, "decode.d8.loss_cls": 0.3046961166895926, "decode.d8.loss_mask": 1.2549065303057432, "decode.d8.loss_dice": 0.5786921560764313, "time": 0.5358391761779785, "epoch": 1, "memory": 11138, "step": 250}
{"lr": 0.0001, "data_time": 0.006308650970458985, "grad_norm": 385.6709051132202, "loss": 19.47390329837799, "decode.loss_cls": 0.16123106847517193, "decode.loss_mask": 0.9930724546313285, "decode.loss_dice": 0.4619568049907684, "decode.d0.loss_cls": 0.46126376241445544, "decode.d0.loss_mask": 1.0661272898316383, "decode.d0.loss_dice": 0.8060530871152878, "decode.d1.loss_cls": 0.4431185770779848, "decode.d1.loss_mask": 0.9628823157399893, "decode.d1.loss_dice": 0.654771876335144, "decode.d2.loss_cls": 0.30609230902045964, "decode.d2.loss_mask": 0.9749260306358337, "decode.d2.loss_dice": 0.5221279412508011, "decode.d3.loss_cls": 0.3651978888548911, "decode.d3.loss_mask": 0.979136923700571,