{"lr": 5.627096460613578e-05, "data_time": 0.011649250984191895, "grad_norm": 898.1031456947327, "loss": 29.613435769081114, "decode.loss_cls": 0.9450267974520102, "decode.loss_mask": 1.4488052304834127, "decode.loss_dice": 0.7918153494596482, "decode.d0.loss_cls": 1.2374463737010957, "decode.d0.loss_mask": 1.3898011658340692, "decode.d0.loss_dice": 0.9073375791311264, "decode.d1.loss_cls": 0.6885128650814295, "decode.d1.loss_mask": 1.0353475783020258, "decode.d1.loss_dice": 0.688118627667427, "decode.d2.loss_cls": 0.7476458206772805, "decode.d2.loss_mask": 1.1338936403393745, "decode.d2.loss_dice": 0.7052787572145462, "decode.d3.loss_cls": 0.8184683738276363, "decode.d3.loss_mask": 1.13593874797225, "decode.d3.loss_dice": 0.7313721269369126, "decode.d4.loss_cls": 0.8176553986500948, "decode.d4.loss_mask": 1.2480554729700089, "decode.d4.loss_dice": 0.818174010515213, "decode.d5.loss_cls": 0.8160364875337109, "decode.d5.loss_mask": 1.4897329963743686, "decode.d5.loss_dice": 0.8794967472553253, "decode.d6.loss_cls": 0.8398132654605434, "decode.d6.loss_mask": 1.3309042427688837, "decode.d6.loss_dice": 0.8841199964284897, "decode.d7.loss_cls": 0.9363671244005672, "decode.d7.loss_mask": 1.279801968485117, "decode.d7.loss_dice": 0.7880969732999802, "decode.d8.loss_cls": 0.9454478726955131, "decode.d8.loss_mask": 1.4055450767278672, "decode.d8.loss_dice": 0.7293790102005004, "time": 2.0801048994064333, "epoch": 1, "memory": 11923, "step": 50}
{"lr": 0.00011244802587129299, "data_time": 0.011288857460021973, "grad_norm": 726.8545545578003, "loss": 26.389955019950868, "decode.loss_cls": 0.8181893683969974, "decode.loss_mask": 1.2058637151494622, "decode.loss_dice": 0.8692039906978607, "decode.d0.loss_cls": 1.1192385733127594, "decode.d0.loss_mask": 1.040553294867277, "decode.d0.loss_dice": 0.8846124529838562, "decode.d1.loss_cls": 0.4990097902715206, "decode.d1.loss_mask": 0.962467123195529, "decode.d1.loss_dice": 0.7750837117433548, "decode.d2.loss_cls": 0.6477790091186761, "decode.d2.loss_mask": 0.9939694795757532, "decode.d2.loss_dice": 0.7442299723625183, "decode.d3.loss_cls": 0.5868854418396949, "decode.d3.loss_mask": 1.00100260656327, "decode.d3.loss_dice": 0.6734667301177979, "decode.d4.loss_cls": 0.6930088594555854, "decode.d4.loss_mask": 0.9668821236118674, "decode.d4.loss_dice": 0.7981324076652527, "decode.d5.loss_cls": 0.7270968541502952, "decode.d5.loss_mask": 0.9830618754029274, "decode.d5.loss_dice": 0.8229007720947266, "decode.d6.loss_cls": 0.7637694723904133, "decode.d6.loss_mask": 1.0747923286631704, "decode.d6.loss_dice": 0.9133439928293228, "decode.d7.loss_cls": 0.7886032745242119, "decode.d7.loss_mask": 1.2483761254698038, "decode.d7.loss_dice": 0.9205130487680435, "decode.d8.loss_cls": 0.8006810262799263, "decode.d8.loss_mask": 1.2012586232274771, "decode.d8.loss_dice": 0.8659788548946381, "time": 2.0397308588027956, "epoch": 1, "memory": 11923, "step": 100}
{"lr": 0.0001024817861518915, "data_time": 0.010839700698852539, "grad_norm": 496.47819261550904, "loss": 33.01885793209076, "decode.loss_cls": 0.9181411922909319, "decode.loss_mask": 2.189619304612279, "decode.loss_dice": 0.8743786215782166, "decode.d0.loss_cls": 1.2208668768405915, "decode.d0.loss_mask": 1.321398127451539, "decode.d0.loss_dice": 0.6837394714355469, "decode.d1.loss_cls": 0.6775945544242858, "decode.d1.loss_mask": 1.5937524255365134, "decode.d1.loss_dice": 0.7368615329265594, "decode.d2.loss_cls": 0.7028726793825626, "decode.d2.loss_mask": 1.506418140232563, "decode.d2.loss_dice": 0.8396301507949829, "decode.d3.loss_cls": 0.6665236063301563, "decode.d3.loss_mask": 1.9512444648891687, "decode.d3.loss_dice": 0.7242713391780853, "decode.d4.loss_cls": 0.7744954385794699, "decode.d4.loss_mask": 1.4708101466298102, "decode.d4.loss_dice": 0.7743621438741684, "decode.d5.loss_cls": 0.8736481490544975, "decode.d5.loss_mask": 1.8059029635041952, "decode.d5.loss_dice": 0.7517623037099839, "decode.d6.loss_cls": 0.8747715518344193, "decode.d6.loss_mask": 1.9715818371623755, "decode.d6.loss_dice": 0.7984990656375885, "decode.d7.loss_cls": 0.7918212585151195, "decode.d7.loss_mask": 1.5216758631169796, "decode.d7.loss_dice": 0.8135888397693634, "decode.d8.loss_cls": 0.7749457865953445, "decode.d8.loss_mask": 1.5363994907587766, "decode.d8.loss_dice": 0.877280667424202, "time": 2.042595624923706, "epoch": 1, "memory": 11923, "step": 150}
{"lr": 0.0001, "data_time": 0.010342025756835937, "grad_norm": 290.226611328125, "loss": 16.04658124446869, "decode.loss_cls": 0.5870954148471356, "decode.loss_mask": 0.5933675825595855, "decode.loss_dice": 0.322329506278038, "decode.d0.loss_cls": 0.7347031325101853, "decode.d0.loss_mask": 0.6795904032886029, "decode.d0.loss_dice": 0.3049015998840332, "decode.d1.loss_cls": 0.5232570522464812, "decode.d1.loss_mask": 0.6819639980793, "decode.d1.loss_dice": 0.3282301127910614, "decode.d2.loss_cls": 0.5210677889175713, "decode.d2.loss_mask": 0.6530619561672211, "decode.d2.loss_dice": 0.342767670750618, "decode.d3.loss_cls": 0.487114235246554, "decode.d3.loss_mask": 0.7730926752090455, "decode.d3.loss_dice": 0.45614475607872007, "decode.d4.loss_cls": 0.5599088615737855, "decode.d4.loss_mask": 0.7482072070240975, "decode.d4.loss_dice": 0.3707136958837509, "decode.d5.loss_cls": 0.5494780506938696, "decode.d5.loss_mask": 0.7406445443630219, "decode.d5.loss_dice": 0.3349834710359573, "decode.d6.loss_cls": 0.5373657181859016, "decode.d6.loss_mask": 0.6143777951598167, "decode.d6.loss_dice": 0.3261474847793579, "decode.d7.loss_cls": 0.5003218156285584, "decode.d7.loss_mask": 0.8378350540995598, "decode.d7.loss_dice": 0.4881636381149292, "decode.d8.loss_cls": 0.5514333665370941, "decode.d8.loss_mask": 0.5906867131590843, "decode.d8.loss_dice": 0.3076257109642029, "time": 2.029798650741577, "epoch": 1, "memory": 11923, "step": 200}
{"lr": 0.0001, "data_time": 0.010564732551574706, "grad_norm": 679.8741340637207, "loss": 24.66172320842743, "decode.loss_cls": 0.21300462018698454, "decode.loss_mask": 1.498056349158287, "decode.loss_dice": 0.6626879066228867, "decode.d0.loss_cls": 0.4645476102828979, "decode.d0.loss_mask": 1.4820994019508362, "decode.d0.loss_dice": 0.6456029444932938, "decode.d1.loss_cls": 0.2314506821334362, "decode.d1.loss_mask": 1.5026287339627742, "decode.d1.loss_dice": 0.6147239297628403, "decode.d2.loss_cls": 0.2801213016733527, "decode.d2.loss_mask": 1.4494869347661734, "decode.d2.loss_dice": 0.7284151881933212, "decode.d3.loss_cls": 0.24287585653364657, "decode.d3.loss_mask": 1.467742346227169, "decode.d3.loss_dice": 0.6579010844230652, "decode.d4.loss_cls": 0.20855197124183178, "decode.d4.loss_mask": 1.6613477304577828, "decode.d4.loss_dice": 0.7386514931917191, "decode.d5.loss_cls": 0.23692935518920422, "decode.d5.loss_mask": 1.4302713379263878, "decode.d5.loss_dice": 0.7151158541440964, "decode.d6.loss_cls": 0.20925460960716008, "decode.d6.loss_mask": 1.5834323570132256, "decode.d6.loss_dice": 0.7507494658231735, "decode.d7.loss_cls": 0.19239480551332236, "decode.d7.loss_mask": 1.6392513252794743, "decode.d7.loss_dice": 0.7387482285499573, "decode.d8.loss_cls": 0.21119574662297963, "decode.d8.loss_mask": 1.5481561869382858, "decode.d8.loss_dice": 0.6563260972499847, "time": 2.0296324491500854, "epoch": 1, "memory": 11923, "step": 250}
{"lr": 0.0001, "data_time": 0.010800313949584962, "grad_norm": 361.9441802978516, "loss": 30.323787498474122, "decode.loss_cls": 0.6597800085321068, "decode.loss_mask": 1.1770036906003951, "decode.loss_dice": 1.3774424910545349, "decode.d0.loss_cls": 0.7751207515597344, "decode.d0.loss_mask": 1.12141954600811, "decode.d0.loss_dice": 1.1184722930192947, "decode.d1.loss_cls": 0.5757624426856637, "decode.d1.loss_mask": 1.0333453208208083, "decode.d1.loss_dice": 1.1051418364048005, "decode.d2.loss_cls": 0.36223882976919414, "decode.d2.loss_mask": 1.3060151785612106, "decode.d2.loss_dice": 1.2351065218448638, "decode.d3.loss_cls": 0.5580754047841765, "decode.d3.loss_mask": 1.2128895699977875,